"","证券代码","申万一级行业","净资产收益率ROE.平均...报告期..1993一季..单位...","净资产收益率ROE.平均...报告期..1993中报..单位...","净资产收益率ROE.平均...报告期..1993三季..单位...","净资产收益率ROE.平均...报告期..1993年报..单位...","净资产收益率ROE.平均...报告期..1994一季..单位...","净资产收益率ROE.平均...报告期..1994中报..单位...","净资产收益率ROE.平均...报告期..1994三季..单位...","净资产收益率ROE.平均...报告期..1994年报..单位...","净资产收益率ROE.平均...报告期..1995一季..单位...","净资产收益率ROE.平均...报告期..1995中报..单位...","净资产收益率ROE.平均...报告期..1995三季..单位...","净资产收益率ROE.平均...报告期..1995年报..单位...","净资产收益率ROE.平均...报告期..1996一季..单位...","净资产收益率ROE.平均...报告期..1996中报..单位...","净资产收益率ROE.平均...报告期..1996三季..单位...","净资产收益率ROE.平均...报告期..1996年报..单位...","净资产收益率ROE.平均...报告期..1997一季..单位...","净资产收益率ROE.平均...报告期..1997中报..单位...","净资产收益率ROE.平均...报告期..1997三季..单位...","净资产收益率ROE.平均...报告期..1997年报..单位...","净资产收益率ROE.平均...报告期..1998一季..单位...","净资产收益率ROE.平均...报告期..1998中报..单位...","净资产收益率ROE.平均...报告期..1998三季..单位...","净资产收益率ROE.平均...报告期..1998年报..单位...","净资产收益率ROE.平均...报告期..1999一季..单位...","净资产收益率ROE.平均...报告期..1999中报..单位...","净资产收益率ROE.平均...报告期..1999三季..单位...","净资产收益率ROE.平均...报告期..1999年报..单位...","净资产收益率ROE.平均...报告期..2000一季..单位...","净资产收益率ROE.平均...报告期..2000中报..单位...","净资产收益率ROE.平均...报告期..2000三季..单位...","净资产收益率ROE.平均...报告期..2000年报..单位...","净资产收益率ROE.平均...报告期..2001一季..单位...","净资产收益率ROE.平均...报告期..2001中报..单位...","净资产收益率ROE.平均...报告期..2001三季..单位...","净资产收益率ROE.平均...报告期..2001年报..单位...","净资产收益率ROE.平均...报告期..2002一季..单位...","净资产收益率ROE.平均...报告期..2002中报..单位...","净资产收益率ROE.平均...报告期..2002三季..单位...","净资产收益率ROE.平均...报告期..2002年报..单位...","净资产收益率ROE.平均...报告期..2003一季..单位...","净资产收益率ROE.平均...报告期..2003中报..单位...","净资产收益率ROE.平均...报告期..2003三季..单位...","净资产收益率ROE.平均...报告期..2003年报..单位...","净资产收益率ROE.平均...报告期..2004一季..单位...","净资产收益率ROE.平均...报告期..2004中报..单位...","净资产收益率ROE.平均...报告期..2004三季..单位...","净资产收益率ROE.平均...报告期..2004年报..单位...","净资产收益率ROE.平均...报告期..2005一季..单位...","净资产收益率ROE.平均...报告期..2005中报..单位...","净资产收益率ROE.平均...报告期..2005三季..单位...","净资产收益率ROE.平均...报告期..2005年报..单位...","净资产收益率ROE.平均...报告期..2006一季..单位...","净资产收益率ROE.平均...报告期..2006中报..单位...","净资产收益率ROE.平均...报告期..2006三季..单位...","净资产收益率ROE.平均...报告期..2006年报..单位...","净资产收益率ROE.平均...报告期..2007一季..单位...","净资产收益率ROE.平均...报告期..2007中报..单位...","净资产收益率ROE.平均...报告期..2007三季..单位...","净资产收益率ROE.平均...报告期..2007年报..单位...","净资产收益率ROE.平均...报告期..2008一季..单位...","净资产收益率ROE.平均...报告期..2008中报..单位...","净资产收益率ROE.平均...报告期..2008三季..单位...","净资产收益率ROE.平均...报告期..2008年报..单位...","净资产收益率ROE.平均...报告期..2009一季..单位...","净资产收益率ROE.平均...报告期..2009中报..单位...","净资产收益率ROE.平均...报告期..2009三季..单位...","净资产收益率ROE.平均...报告期..2009年报..单位...","净资产收益率ROE.平均...报告期..2010一季..单位...","净资产收益率ROE.平均...报告期..2010中报..单位...","净资产收益率ROE.平均...报告期..2010三季..单位...","净资产收益率ROE.平均...报告期..2010年报..单位...","净资产收益率ROE.平均...报告期..2011一季..单位...","净资产收益率ROE.平均...报告期..2011中报..单位...","净资产收益率ROE.平均...报告期..2011三季..单位...","净资产收益率ROE.平均...报告期..2011年报..单位...","净资产收益率ROE.平均...报告期..2012一季..单位...","净资产收益率ROE.平均...报告期..2012中报..单位...","净资产收益率ROE.平均...报告期..2012三季..单位...","净资产收益率ROE.平均...报告期..2012年报..单位...","净资产收益率ROE.平均...报告期..2013一季..单位...","净资产收益率ROE.平均...报告期..2013中报..单位...","净资产收益率ROE.平均...报告期..2013三季..单位...","净资产收益率ROE.平均...报告期..2013年报..单位...","净资产收益率ROE.平均...报告期..2014一季..单位...","净资产收益率ROE.平均...报告期..2014中报..单位...","净资产收益率ROE.平均...报告期..2014三季..单位...","净资产收益率ROE.平均...报告期..2014年报..单位...","净资产收益率ROE.平均...报告期..2015一季..单位...","净资产收益率ROE.平均...报告期..2015中报..单位...","净资产收益率ROE.平均...报告期..2015三季..单位...","净资产收益率ROE.平均...报告期..2015年报..单位...","净资产收益率ROE.平均...报告期..2016一季..单位...","净资产收益率ROE.平均...报告期..2016中报..单位...","净资产收益率ROE.平均...报告期..2016三季..单位...","净资产收益率ROE.平均...报告期..2016年报..单位...","净资产收益率ROE.平均...报告期..2017一季..单位...","净资产收益率ROE.平均...报告期..2017中报..单位...","净资产收益率ROE.平均...报告期..2017三季..单位...","净资产收益率ROE.平均...报告期..2017年报..单位..."
"97","000428.SZ","休闲服务",NA,NA,NA,NA,NA,NA,NA,35.891,NA,NA,NA,21.2616,5.3243,10.5728,NA,28.6766,NA,11.3103,NA,24.6296,NA,7.7254,NA,13.6141,NA,3.6092,NA,7.5788,NA,3.4949,NA,7.4444,NA,4.2344,NA,8.6816,1.5714,3.6013,"4.5501","5.5965","1.6335",2.1189,3.3327,"4.0364",1.0206,"2.2451","3.3243",5.31,0.963,2.2314,2.6218,"2.0822","0.9235",4.0202,"7.2735","16.5556",2.9479,"18.3584","21.0314","25.0430",2.1171,11.982,"12.1800","13.8713","3.4106","6.0054","7.2463","11.3369",1.3917,6.1583,"8.4141","10.1377",1.4006,3.0335,5.1697,"8.1160","1.1765",2.5383,5.6369,"6.6562",1.4544,3.9698,9.5238,"7.4291",-2.3308,"-2.4840",-0.5234,-6.1878,-3.2181,"2.8981","1.3714","0.5423",-1.8248,-2.7768,-3.9426,"-9.4745",-2.2486,-3.4193,-5.2436,"3.6865"
"99","000430.SZ","休闲服务",NA,NA,NA,NA,NA,NA,NA,NA,NA,NA,NA,NA,NA,NA,NA,15.6808,NA,6.4288,NA,11.646,NA,1.2563,NA,12.8372,NA,1.1504,NA,0.7144,NA,-7.9465,NA,-66.5572,NA,-15.6359,-2.3287,11.5673,0.5473,4.5158,"6.9143","8.8320","0.9010",1.1702,5.749,"7.4559",0.6513,"1.6435","5.7100",0.7932,-2.5434,-5.393,-4.75,"-31.1019","-26.5190",-41.8111,"-30.6641","-252.4614",NA,"","","",NA,NA,"","","","","","",NA,NA,"","",NA,20.053,55.5113,"66.3112","-2.6679",10.9076,26.0643,"30.5045",-4.4132,2.7451,11.4705,"12.7736",-1.6961,"4.4659",13.8876,13.0435,-0.9205,"9.4563","23.3936","20.7956",0.3188,5.6077,14.7006,"9.5814",1.5659,5.7099,6.3434,"6.0607"
"120","000524.SZ","休闲服务",NA,NA,NA,NA,NA,8.3157,NA,13.4054,NA,7.4612,NA,13.0315,NA,4.0915,NA,12.0234,NA,5.3625,NA,12.1204,NA,3.7776,NA,6.0851,NA,1.7404,NA,3.1562,NA,2.0715,NA,2.8289,NA,0.9939,NA,-15.3345,0.1213,1.3391,"1.0187","1.4539","-3.4641",-4.3821,-8.6187,"-16.3695",-2.1051,"2.0057","0.8188",6.4878,-1.4831,2.1778,0.1458,"6.3836","-1.2623",1.9813,"1.1094","4.0900",-1.659,"2.7510","1.3353","4.3727",-1.0266,0.2965,"-1.9206","0.7117","-1.8147","-2.8941","-4.4703","-8.5643",-0.1141,0.3291,"0.5369","1.1140",0.7294,1.6631,2.3897,"3.4252","1.3901",2.8472,4.144,"5.1581",1.3548,2.8392,4.0625,"5.5142",0.6411,"2.0021",4.0214,6.0971,1.2691,"4.0309","5.1974","6.7078",1.0686,3.4895,4.7281,"4.9405",4.2936,5.2232,8.9878,"11.1826"
"188","000610.SZ","休闲服务",NA,NA,NA,NA,NA,NA,NA,16.6526,NA,NA,NA,15.9924,2.4456,8.0636,NA,14.4824,NA,8.6545,NA,11.4829,NA,5.0837,NA,11.1336,NA,4.1746,NA,6.7243,NA,2.3047,NA,5.569,NA,0.1094,NA,0.4262,0.025,0.7193,"1.2868","1.7805","0.0370",-1.0291,-0.3379,"0.3729",1.2241,"1.6847","2.6098",6.6578,0.4485,3.831,4.3172,"6.9686","0.4687",2.3726,"2.5206","2.1248",0.5233,"2.3753","2.5427","2.3703",0.223,1.435,"1.9485","2.7675","-1.6370","-0.8087","0.6307","-0.7292",-0.5702,0.123,"4.7330","6.7384",1.4945,4.4786,5.1302,"6.4820","6.4321",5.6116,5.154,"4.7253",-0.256,-1.3932,-1.4724,"1.8636",-1.8801,"-2.7786",-2.6345,-4.6481,-1.4267,"-1.4407","-1.8971","1.7715",-1.0014,0.4694,0.2131,"1.3498",-0.5805,-0.9143,-1.4926,"-2.3549"
"191","000613.SZ","休闲服务",NA,NA,NA,NA,NA,NA,NA,12.4084,NA,NA,NA,14.3524,NA,NA,NA,15.9112,NA,4.6366,NA,5.4789,NA,0.3228,NA,-11.3718,NA,-2.3112,NA,-12.1019,NA,-11.0929,NA,-24.2313,-3.7737,-27.8217,-43.4835,3.202,1.6327,1.1531,"1.2867","2.3325","-14.4097",-97.4298,-190.8984,"",NA,"","",NA,NA,NA,NA,"","",NA,"","",NA,"","3,649.2429","1,175.1225",3.576,2.4954,"-1.0393","0.4832","0.6222","-2.5313","-3.6379","-3.4020",1.1955,0.5777,"-1.2554","0.7834",0.8258,-1.8914,-6.45,"-6.2407","1.1959",0.7164,-0.6351,"2.5600",1.0405,-0.5747,-2.7611,"-2.6494",0.6156,"-1.0412",-2.1428,3.0103,-0.1339,"-4.1006","-7.9394","-9.2690",1.8649,0.2235,-2.1858,"-3.5196",3.1932,2.2882,0.3241,"3.7765"
"269","000721.SZ","休闲服务",NA,NA,NA,NA,NA,NA,NA,17.0919,NA,NA,NA,10.7164,NA,NA,NA,12.271,NA,4.9006,NA,14.097,NA,3.1136,NA,7.7209,NA,3.0011,NA,0.513,NA,2.0566,NA,1.2991,NA,2.0761,NA,7.9859,1.0258,2.965,"4.0256","6.3737","1.1483",0.2989,3.2114,"7.2815",1.1995,"2.8629","4.4296",6.6798,1.1371,2.7575,4.1835,"6.3899","1.1576",2.7265,"4.0052","3.5190",0.8677,"2.6063","3.4548","3.3945",1.021,2.5614,"3.7436","3.8710","0.9837","2.4125","3.4116","12.1736",0.8204,1.5423,"2.8641","8.3524",5.9971,6.9935,8.5112,"8.2794","0.7915",1.8166,3.2866,"3.0735",0.6957,1.4356,2.4622,"2.5502",0.7796,"0.3904",0.8931,1.5859,-0.44,"-0.5242","-1.6430","-4.6772",-1.9067,3.1098,2.7209,"1.8515",-1.2858,-0.1621,-0.5937,"-1.6855"
"316","000796.SZ","休闲服务",NA,NA,NA,NA,NA,NA,NA,NA,NA,NA,NA,45.2164,NA,NA,NA,25.707,NA,7.098,NA,17.346,NA,4.2217,NA,15.2724,NA,4.6028,NA,10.4342,NA,3.6798,NA,8.8515,NA,3.3257,NA,5.0094,0.7373,1.9153,"2.8367","3.2492","0.5702",1.0607,1.5392,"1.9788",0.7297,"1.2328","1.5895",0.8823,0.5748,1.0109,1.3084,"-27.9701","0.5110",0.2742,"-0.2073","0.2671",0.7,"-0.2870","1.9908","0.5036",3.0126,0.9289,"0.6569","1.5188","2.6032","1.6762","1.2528","6.5970",1.4197,2.6519,"4.1034","6.9420",0.8319,1.4458,2.3234,"3.6378","1.4084",1.6779,3.2441,"2.7366",1.6912,2.2516,3.3912,"9.4841",1.3645,"1.9042",2.7086,6.7966,1.4914,"2.6341","24.4422","18.8091",0.9801,3.3821,13.2801,"12.0817",1.2316,7.0785,16.9893,"11.3530"
"361","000863.SZ","休闲服务",NA,NA,NA,NA,NA,NA,NA,NA,NA,NA,NA,58.5968,NA,NA,NA,39.3165,NA,14.441,NA,17.8887,NA,4.8847,NA,12.9604,NA,5.0218,NA,9.3916,NA,6.4998,NA,14.1096,NA,6.8137,NA,11.9531,0.7616,3.8829,"3.9253","5.9175","0.3901",2.4771,3.4725,"6.0967",0.5678,"1.4944","-1.2291",-79.3385,-14.7231,-50.5766,-70.812,"","",NA,"","",NA,"","","",NA,NA,"","","","","","",NA,NA,"","",NA,NA,NA,"","-1.7530",11.118,14.4384,"37.8563",0.4761,4.9505,3.0543,"30.0216",0.9463,"2.0614",1.762,6.0592,-2.2877,"2.9128","0.4354","3.5121",13.0381,9.9948,9.9075,"15.1226",1.3341,1.4401,0.9588,"4.1616"
"375","000888.SZ","休闲服务",NA,NA,NA,NA,NA,NA,NA,NA,NA,NA,NA,62.3367,NA,NA,NA,59.1501,NA,NA,NA,20.3494,NA,3.82,NA,9.0509,NA,3.6418,NA,6.6458,NA,1.6986,NA,8.0646,NA,2.1512,NA,8.0953,-2.0526,1.2711,"5.7627","6.7608","-1.9778",-1.0199,5.3001,"7.8975",-0.6637,"3.1739","10.0864",9.3458,-0.9543,1.8092,7.0357,"6.7987","-1.0257",1.7987,"7.1521","7.0565",-1.1886,"2.0666","7.2638","7.6559",-0.9553,-3.1109,"0.9335","3.6233","-0.6097","2.2494","9.9997","12.8514",1.1985,4.9615,"11.8829","14.9550",1.1723,4.4066,13.8859,"17.1942","1.1032",5.6513,13.4557,"19.2891",0.6551,2.8099,10.1549,"8.6160",0.6178,"3.3396",8.5363,11.2843,0.1475,"3.1037","7.8183","10.6773",0.8349,3.0999,7.3889,"9.6485",0.8022,3.0458,7.195,"9.2384"
"444","000978.SZ","休闲服务",NA,NA,NA,NA,NA,NA,NA,NA,NA,NA,NA,NA,NA,NA,NA,NA,NA,NA,NA,NA,NA,NA,NA,52.8178,NA,NA,NA,23.4622,NA,4.4514,NA,16.3933,NA,4.9521,NA,12.2179,0.6601,5.2343,"9.2548","12.6538","1.1843",0.2419,1.9628,"2.6543",0.1398,"3.2187","7.1030",9.2057,0.1499,3.1695,6.4784,"8.9682","0.6320",4.8814,"9.5947","10.8218",0.4472,"4.8225","9.4473","11.9735",-1.6763,2.7736,"4.6768","4.7961","-0.4175","2.4084","5.3049","6.9400",-0.6115,0.6662,"2.9945","7.3679",-1.1589,0.9686,3.2464,"4.6152","-1.0433",0.7595,2.5743,"4.1169",-1.9137,-1.3665,-0.0406,"0.7455",-1.9167,"-2.3648",-0.6518,2.8527,-0.9308,"-0.2396","2.1569","2.1613",-0.7385,0.3148,3.2982,"0.4081",-0.1052,1.9746,4.6499,"3.5579"
"497","002033.SZ","休闲服务",NA,NA,NA,NA,NA,NA,NA,NA,NA,NA,NA,NA,NA,NA,NA,NA,NA,NA,NA,NA,NA,NA,NA,NA,NA,NA,NA,NA,NA,NA,NA,NA,NA,NA,NA,NA,NA,NA,"","33.3862","",NA,NA,"18.5745",NA,"16.2089","16.8826",18.682,1.6968,5.5968,10.7345,"13.4060","2.3140",7.639,"13.9807","15.6267",3.313,"9.1692","16.0826","20.1114",2.2126,6.1623,"10.2031","12.3790","2.0908","5.5894","9.4772","9.4324",1.6161,1.2708,"2.8896","1.9784",1.3022,4.8941,9.279,"17.1244","2.4732",8.3158,14.2015,"16.7134",2.535,9.1894,15.0445,"15.7458",2.1417,"5.9591",11.2829,12.483,2.1903,"5.6187","9.8093","9.9748",1.9793,5.5508,9.7951,"10.5968",2.1411,4.5524,8.2095,"9.0867"
"523","002059.SZ","休闲服务",NA,NA,NA,NA,NA,NA,NA,NA,NA,NA,NA,NA,NA,NA,NA,NA,NA,NA,NA,NA,NA,NA,NA,NA,NA,NA,NA,NA,NA,NA,NA,NA,NA,NA,NA,NA,NA,NA,"","","",NA,NA,"",NA,"","",12.4105,NA,NA,NA,"8.7403","0.4506",4.6817,"3.2588","4.0082",-0.3732,"0.1120","1.7186","6.3319",-0.9425,0.1868,"1.7232","4.8488","-1.0830","-2.2770","-1.0053","2.0061",-1.5414,-0.7219,"-0.3364","-1.6222",-0.1612,1.2294,3.4609,"2.9758","-0.1514",0.6145,3.6755,"4.2036",0.6291,1.5186,4.9479,"7.6147",0.3576,"0.3011",1.0871,4.8807,-0.1844,"0.6936","2.8296","5.1102",-0.7333,1.846,3.6438,"4.2144",0.0077,1.272,2.4454,"4.7043"
"623","002159.SZ","休闲服务",NA,NA,NA,NA,NA,NA,NA,NA,NA,NA,NA,NA,NA,NA,NA,NA,NA,NA,NA,NA,NA,NA,NA,NA,NA,NA,NA,NA,NA,NA,NA,NA,NA,NA,NA,NA,NA,NA,"","","",NA,NA,"",NA,"","",7.0088,NA,NA,NA,"6.3903","",NA,"","7.4402",NA,"2.5097","5.0129","7.1675",-0.6958,1.0278,"2.4678","2.8918","-0.4952","0.7233","4.3647","5.4588",-2.753,0.8812,"5.6146","6.9836",-3.9428,0.5355,8.7747,"8.9005","-7.2237",-5.0685,12.9352,"11.0472",-6.3257,-6.4528,-4.0065,"5.6388",-4.6408,"-4.9797",-4.202,-4.9979,-2.3225,"-3.2564","-1.1971","4.5930",-1.7622,-3.121,-0.8488,"-6.0589",-3.6515,-4.1713,1.6929,"0.6674"
"650","002186.SZ","休闲服务",NA,NA,NA,NA,NA,NA,NA,NA,NA,NA,NA,NA,NA,NA,NA,NA,NA,NA,NA,NA,NA,NA,NA,NA,NA,NA,NA,NA,NA,NA,NA,NA,NA,NA,NA,NA,NA,NA,"","","",NA,NA,"",NA,"","",19.5495,NA,NA,NA,"21.9444","",NA,"","23.7500",10.4169,"","21.8170","14.1830",2.5541,4.9849,"9.0317","11.0648","2.9925","6.1482","9.5881","11.9252",3.5128,7.3673,"11.1677","13.6754",3.9786,8.7497,13.3904,"16.6246","5.1047",11.1089,16.2813,"18.1067",4.1993,7.0886,13.0656,"12.3256",3.3283,"7.0228",10.86,11.3077,2.4347,"5.2253","9.1874","9.7737",2.4095,5.1298,9.2153,"9.8858",2.4244,5.2992,9.0457,"9.1959"
"769","002306.SZ","休闲服务",NA,NA,NA,NA,NA,NA,NA,NA,NA,NA,NA,NA,NA,NA,NA,NA,NA,NA,NA,NA,NA,NA,NA,NA,NA,NA,NA,NA,NA,NA,NA,NA,NA,NA,NA,NA,NA,NA,"","","",NA,NA,"",NA,"","",NA,NA,NA,NA,"","",NA,"","23.4319",NA,"","","40.8234",NA,NA,"","26.8530","","14.2738","22.0015","10.7834",2.586,3.8806,"4.9834","4.9762",2.6295,4.3116,6.3991,"7.7759","3.6891",6.2841,8.9941,"6.6440",-5.6846,-19.8156,-28.8436,"-61.3733",4.2465,"-1.4980",-17.4703,-265.3775,NA,"","","",-55.2294,-118.7804,-190.0779,"",NA,NA,NA,""
"840","002377.SZ","休闲服务",NA,NA,NA,NA,NA,NA,NA,NA,NA,NA,NA,NA,NA,NA,NA,NA,NA,NA,NA,NA,NA,NA,NA,NA,NA,NA,NA,NA,NA,NA,NA,NA,NA,NA,NA,NA,NA,NA,"","","",NA,NA,"",NA,"","",NA,NA,NA,NA,"","",NA,"","12.0125",NA,"","","19.4448",NA,NA,"","22.1341","","1.8922","","22.6083",-1.3481,0.6616,"4.7762","8.9927",-0.7948,0.4305,2.7563,"5.5299","-0.8257",0.4291,1.3651,"2.9259",-0.7823,0.2738,1.0084,"2.3333",-1.2579,"0.2583",1.1779,5.9618,-1.0133,"0.5907","1.0120","4.0999",-1.4766,-0.713,0.4014,"0.6754",-1.175,-0.6381,1.258,"1.5514"
"1168","002707.SZ","休闲服务",NA,NA,NA,NA,NA,NA,NA,NA,NA,NA,NA,NA,NA,NA,NA,NA,NA,NA,NA,NA,NA,NA,NA,NA,NA,NA,NA,NA,NA,NA,NA,NA,NA,NA,NA,NA,NA,NA,"","","",NA,NA,"",NA,"","",NA,NA,NA,NA,"","",NA,"","",NA,"","","",NA,NA,"","","","","","23.5950",NA,NA,"","35.0210",NA,NA,NA,"35.4890","",NA,NA,"35.8317",NA,14.1913,31.3376,"35.3953",4.6458,"9.5047",22.9815,25.0887,2.5648,"5.7503","15.8821","17.4455",2.3303,4.7329,12.7097,"12.7690",2.7508,5.1464,9.5232,"11.5288"
"1524","300144.SZ","休闲服务",NA,NA,NA,NA,NA,NA,NA,NA,NA,NA,NA,NA,NA,NA,NA,NA,NA,NA,NA,NA,NA,NA,NA,NA,NA,NA,NA,NA,NA,NA,NA,NA,NA,NA,NA,NA,NA,NA,"","","",NA,NA,"",NA,"","",NA,NA,NA,NA,"","",NA,"","",NA,"","","37.3709",NA,NA,"","45.0201","","","","40.4452",NA,24.5945,"44.1374","11.6723",1.0441,4.0776,7.3163,"8.4863","1.5010",4.6625,7.8374,"9.1762",1.6279,4.5939,8.3186,"10.2404",1.5794,"5.4111",9.68,10.9765,2.7353,"7.8174","12.9400","13.9397",3.4046,7.4919,12.8716,"15.0300",3.7499,7.9304,13.5007,"15.5464"
"1558","300178.SZ","休闲服务",NA,NA,NA,NA,NA,NA,NA,NA,NA,NA,NA,NA,NA,NA,NA,NA,NA,NA,NA,NA,NA,NA,NA,NA,NA,NA,NA,NA,NA,NA,NA,NA,NA,NA,NA,NA,NA,NA,"","","",NA,NA,"",NA,"","",NA,NA,NA,NA,"","",NA,"","",NA,"","","33.7855",NA,NA,"","38.6592","","","","27.9256",NA,NA,"22.1200","28.5396",2.2729,6.2115,8.2464,"8.7912","1.4964",3.0199,4.5788,"6.4683",1.6564,3.8131,5.737,"8.3549",2.1577,"5.0722",8.0657,10.9561,2.7231,"5.1950","8.2792","11.0975",2.9873,5.5108,8.503,"11.9624",3.0156,9.7031,10.232,"13.2859"
"2032","300662.SZ","休闲服务",NA,NA,NA,NA,NA,NA,NA,NA,NA,NA,NA,NA,NA,NA,NA,NA,NA,NA,NA,NA,NA,NA,NA,NA,NA,NA,NA,NA,NA,NA,NA,NA,NA,NA,NA,NA,NA,NA,"","","",NA,NA,"",NA,"","",NA,NA,NA,NA,"","",NA,"","",NA,"","","",NA,NA,"","","","","","",NA,NA,"","",NA,NA,NA,"","",NA,NA,"28.5350",NA,NA,NA,"24.3877",NA,"",NA,31.3603,NA,"16.0866","","30.1127",2.7251,10.911,18.7977,"22.6248",3.8941,7.3359,12.625,"16.1950"
"2150","600054.SH","休闲服务",NA,NA,NA,NA,NA,NA,NA,55.2337,NA,NA,NA,63.3634,NA,NA,NA,31.5153,NA,8.2723,NA,15.5888,NA,5.1959,NA,11.9049,NA,6.8523,NA,12.9617,NA,3.6176,NA,6.4045,NA,3.5936,NA,6.3294,-2.534,1.945,"5.5458","-1.3201","-3.1433",-7.7651,-5.0652,"-5.9447",-1.9769,"2.4606","8.0333",0.64,-1.8038,3.6892,11.7782,"9.8628","-0.6639",6.4356,"14.1767","17.5670",0.048,"8.3127","14.5794","16.4044",-0.4347,7.1898,"15.6422","17.4792","-0.3768","6.6695","14.1966","13.4010",-0.5423,7.4752,"14.6694","16.9648",-0.0769,8.9739,16.0432,"15.9873","-0.1096",7.7657,14.2991,"13.2306",-0.1277,3.7423,7.741,"7.3152",0.667,"5.4184",10.0346,9.8425,0.6425,"5.4787","11.2527","11.3801",1.9226,5.8006,10.5346,"9.8705",1.1287,4.5776,8.1799,"9.9819"
"2228","600138.SH","休闲服务",NA,NA,NA,NA,NA,NA,NA,NA,NA,NA,NA,42.9299,NA,NA,NA,41.4145,NA,NA,NA,17.0502,NA,7.4121,NA,14.3835,NA,11.4919,NA,17.8497,NA,8.2952,NA,14.4582,NA,5.9069,NA,9.8124,0.9782,4.647,"6.0007","7.4914","0.8740",0.404,0.4127,"2.8237",0.4727,"3.4412","5.2552",6.0049,0.2804,2.0776,2.9395,"4.9596","1.2658",3.2227,"5.4354","7.8615",2.0057,"4.7193","8.2202","10.4878",1.7365,3.8651,"4.7641","6.7911","1.6715","5.3336","8.9356","12.3099",1.9129,5.4174,"9.1748","11.8665",1.4381,3.8648,9.2045,"10.9554","1.6038",4.1497,9.7797,"10.9005",2.0527,4.2983,7.2748,"11.0692",2.2097,"5.2492",8.197,9.9046,1.525,"3.6786","6.3322","6.5078",1.6862,6.6449,9.0474,"9.9211",1.6862,6.6303,9.4428,"10.6994"
"2331","600258.SH","休闲服务",NA,NA,NA,NA,NA,NA,NA,NA,NA,NA,NA,NA,NA,NA,NA,NA,NA,NA,NA,NA,NA,NA,NA,NA,NA,NA,NA,19.7615,NA,3.3353,NA,11.6822,NA,4.4118,NA,11.2108,0.0657,4.7525,"6.9880","9.3354","1.4769",0.8693,3.1285,"7.1046",1.3252,"3.3823","6.2570",7.5856,1.4946,3.5044,5.8761,"7.0498","2.8540",5.2167,"7.9879","9.1964",3.7763,"6.9221","10.6054","12.5460",4.4433,8.4268,"12.6532","16.1447","4.4837","7.8252","11.0352","15.4397",6.1047,11.7413,"15.6457","18.7100",2.6907,5.8928,8.3588,"9.5608","2.9335",6.8135,9.7521,"11.1099",3.1645,6.5987,9.4072,"11.3564",2.8229,"5.7838",8.217,10.1572,2.535,"3.6095","5.8905","8.5884",0.5981,1.2133,12.9978,"5.3362",0.5165,3.5218,7.8763,"8.9749"
"2415","600358.SH","休闲服务",NA,NA,NA,NA,NA,NA,NA,NA,NA,NA,NA,NA,NA,NA,NA,NA,NA,NA,NA,NA,NA,NA,NA,22.0144,NA,NA,NA,15.0632,NA,6.9153,NA,6.7265,NA,2.6608,NA,3.06,0.9693,1.9708,"2.0499","2.7077","0.8177",1.7918,2.2103,"2.2346",1.6159,"2.5386","2.0583",0.8148,0.0678,0.8353,0.0928,"-2.2361","2.3179",3.2551,"3.6444","3.6245",0.3912,"3.2167","3.6351","3.5557",0.6058,0.6463,"2.4380","3.8956","0.4064","0.5630","0.6057","4.0014",0.4247,0.7002,"0.6447","3.8630",-0.8402,1.1323,0.9436,"-11.2769","1.3383",1.2831,1.2469,"-11.5647",-1.5144,-3.7441,1.4004,"2.3075",-2.3769,"-5.9658",-10.9776,-44.1613,0.726,"12.7697","6.8434","4.2111",-2.3564,-6.8811,-11.0831,"-39.7084",-1.1721,-4.6765,8.8037,"6.2084"
"2564","600555.SH","休闲服务",NA,NA,NA,NA,NA,NA,NA,NA,NA,NA,NA,NA,NA,NA,NA,56.6752,NA,NA,NA,49.053,NA,NA,39.2496,50.73,NA,16.0138,NA,23.8896,NA,11.6027,NA,29.5019,NA,7.6368,NA,15.3506,1.56,4.0131,"5.9759","5.8369","1.5132",3.7648,5.6825,"5.0787",0.6742,"1.3626","2.2693",-27.8064,0.5493,1.1143,1.7405,"2.9001","1.2819",2.4202,"3.3269","8.0220",1.0448,"2.6052","4.0619","-6.3229",1.0258,1.6547,"5.2844","1.3989","0.2733","0.8894","0.9792","6.6956",1.0486,2.4423,"2.2901","0.6156",1.5278,5.4749,6.5183,"4.2028","1.4658",0.9841,0.1592,"-10.8576",-0.689,-1.4103,-2.8336,"1.6757",-0.9096,"0.6784",0.7477,2.6692,-0.6975,"-1.8093","0.8010","1.6270",-2.5735,-1.0534,-1.3215,"-11.6480",-3.2221,-6.766,-12.0708,"3.5791"
"2599","600593.SH","休闲服务",NA,NA,NA,NA,NA,NA,NA,NA,NA,NA,NA,NA,NA,NA,NA,NA,NA,NA,NA,NA,NA,NA,NA,NA,NA,NA,NA,NA,NA,NA,NA,31.9249,NA,NA,NA,33.8772,NA,6.9107,"11.6454","11.1533","-1.2154",-5.5579,-4.0073,"-9.2098",-2.9409,"0.1192","4.1139",1.3619,-3.081,0.1895,4.3533,"1.0112","-3.4210",-3.1203,"2.7927","-14.8342",-4.9085,"-2.5136","4.0608","1.1086",-4.6726,-3.3361,"5.0389","1.3780","-4.4735","-3.1398","6.1867","1.3522",-3.832,-0.6912,"8.4074","1.9217",-3.4978,-2.7232,9.2705,"1.6765","-1.9440",-1.3682,13.8725,"4.4294",-3.9507,-1.5313,13.4816,"10.7113",-1.8112,"-0.7061",17.1488,11.398,-1.8559,"2.3897","19.3906","11.5642",-2.5272,0.6536,16.816,"8.5172",-2.3965,1.5454,20.4867,"13.2048"
"2700","600706.SH","休闲服务",NA,NA,NA,NA,NA,NA,NA,NA,NA,NA,NA,NA,NA,2.3427,NA,11.6026,NA,3.4523,NA,11.9887,NA,1.7368,NA,4.0152,NA,-3.4486,NA,-59.7075,NA,-3.5129,NA,9.5159,NA,4.0539,NA,15.4121,7.1753,10.7109,"11.4855","11.4148","2.7745",5.9185,10.8624,"17.5379",6.8042,"13.2724","14.7972",3.1496,1.3166,1.4274,1.5163,"-46.5736","-1.1495",-2.1402,"-2.5047","-149.2211",-14.1114,"-61.2036","7.9631","24.3121",6.5994,-28.206,"-32.1379","8.6362","-17.5886","-45.0433","-149.0004","",NA,NA,"","",NA,NA,NA,"","",12.4837,22.0892,"24.1291",0.2697,4.3686,7.6176,"11.8816",-0.4374,"2.9682",5.8268,3.7753,0.6743,"3.4053","6.1445","5.9257",1.625,4.9823,7.6341,"6.2140",3.2141,5.5623,8.6013,"6.8059"
"2742","600749.SH","休闲服务",NA,NA,NA,NA,NA,NA,NA,377.5221,NA,NA,NA,7.704,NA,4.9097,NA,8.123,NA,2.5325,NA,8.7041,NA,6.1162,NA,6.6701,NA,3.4708,NA,0.775,NA,5.1536,NA,6.2026,NA,2.818,NA,-27.6227,-5.1486,-4.5309,"-2.2389","-15.1381","-4.0771",-6.5664,-2.6241,"1.7351",-0.6238,"5.2907","15.0142",11.9006,1.7219,9.9341,18.8947,"14.5777","1.1892",7.1448,"14.6808","7.3822",1.293,"2.4505","6.6989","3.6520",-3.0565,-6.4189,"-10.3351","-13.7281","-3.8569","-3.8227","1.6096","0.3692",-3.9191,-1.6,"9.2672","7.2379",-5.0908,-3.2957,2.3937,"2.2515","-2.4010",-2.337,2.3803,"1.7222",-2.551,-2.6575,2.3003,"1.1884",-2.3698,"-2.3648",0.2256,-5.1954,-4.2929,"-6.7746","-5.3360","0.8473",-4.6698,-6.389,-4.2159,"-16.2001",-4.9868,-4.8435,-2.9418,"-15.8337"
"2746","600754.SH","休闲服务",NA,NA,NA,NA,NA,1.2788,NA,11.2507,NA,5.4022,NA,10.2261,NA,5.7185,NA,10.8068,NA,5.3913,NA,10.5537,NA,7.4946,NA,10.3646,NA,3.8326,NA,10.6876,NA,4.3208,NA,9.9093,NA,2.4267,NA,3.6798,0.1618,1.7884,"2.6168","3.5444","1.0443",0.0811,1.1396,"2.2495",1.7201,"3.4548","5.4370",7.9706,2.2431,4.6022,7.8337,"10.0082","2.5716",5.6706,"8.7917","10.8481",2.7026,"6.5015","9.2374","7.5232",1.6241,3.9263,"5.1998","7.0734","3.2373","5.9963","7.1403","8.4335",1.4701,5.7224,"8.5598","9.2991",1.7428,4.5572,6.6051,"7.7951","2.0764",5.6025,8.0727,"9.0088",2.2078,4.0599,7.8495,"8.7886",2.2551,"4.3787",7.6568,7.4705,1.771,"3.4289","5.5538","7.5090",2.0052,3.6852,4.8377,"6.5884",1.5466,3.2391,5.5214,"6.8392"
"2931","601007.SH","休闲服务",NA,NA,NA,NA,NA,NA,NA,NA,NA,NA,NA,NA,NA,NA,NA,NA,NA,NA,NA,NA,NA,NA,NA,NA,NA,NA,NA,NA,NA,NA,NA,NA,NA,NA,NA,NA,NA,NA,"","","",NA,NA,"",NA,"","",8.6988,NA,NA,NA,"11.5683","",NA,"9.8286","11.9982",1.6513,"4.0046","7.2662","9.3405",1.1097,2.8963,"5.3666","7.2412","0.9348","2.5268","4.6814","8.9275",1.1506,2.3861,"5.2745","10.6578",1.1919,2.5839,4.9321,"10.1401","1.0694",2.2171,4.9369,"8.7887",0.4698,1.8436,3.2829,"5.4377",0.5183,"1.1507",1.463,2.9424,0.2324,"1.1031","1.5150","3.6092",0.5941,1.2278,2.5562,"2.9741",0.6527,3.4183,5.1363,"7.2215"
"3075","601888.SH","休闲服务",NA,NA,NA,NA,NA,NA,NA,NA,NA,NA,NA,NA,NA,NA,NA,NA,NA,NA,NA,NA,NA,NA,NA,NA,NA,NA,NA,NA,NA,NA,NA,NA,NA,NA,NA,NA,NA,NA,"","","",NA,NA,"",NA,"","",NA,NA,NA,NA,"","",NA,"","37.4798",NA,"","","49.2196",NA,NA,"","31.6345","","17.0295","10.8133","13.6019",2.9079,5.9803,"9.3657","10.4888",2.8041,7.8233,12.8363,"15.5956","6.9060",11.5536,15.4895,"19.5642",8.4784,13.7594,15.5009,"17.6549",5.7022,"9.1486",12.5958,15.3451,6.2,"9.7962","12.5193","14.1540",6.0418,9.6285,12.5115,"15.2074",5.5489,10.2068,14.6521,"19.0051"
"3170","603099.SH","休闲服务",NA,NA,NA,NA,NA,NA,NA,NA,NA,NA,NA,NA,NA,NA,NA,NA,NA,NA,NA,NA,NA,NA,NA,NA,NA,NA,NA,NA,NA,NA,NA,NA,NA,NA,NA,NA,NA,NA,"","","",NA,NA,"",NA,"","",NA,NA,NA,NA,"","",NA,"","",NA,"","","",NA,NA,"","","","","","24.0447",NA,NA,"","10.4045",NA,NA,NA,"22.3466","",NA,NA,"21.4087",NA,NA,NA,"15.1596",-1.7767,"-1.5915",15.1506,13.0163,-0.9591,"-0.4541","13.8778","12.2148",-1.3974,-0.5175,10.1139,"8.0760",-3.1651,-4.2834,7.8633,"7.6473"
"3190","603136.SH","休闲服务",NA,NA,NA,NA,NA,NA,NA,NA,NA,NA,NA,NA,NA,NA,NA,NA,NA,NA,NA,NA,NA,NA,NA,NA,NA,NA,NA,NA,NA,NA,NA,NA,NA,NA,NA,NA,NA,NA,"","","",NA,NA,"",NA,"","",NA,NA,NA,NA,"","",NA,"","",NA,"","","",NA,NA,"","","","","","",NA,NA,"","",NA,NA,NA,"","",NA,NA,"",NA,NA,NA,"13.2430",NA,"",NA,24.8103,NA,"","","21.8377",NA,NA,24.1199,"23.8647",4.3925,13.1955,14.7177,"15.8356"
"3217","603199.SH","休闲服务",NA,NA,NA,NA,NA,NA,NA,NA,NA,NA,NA,NA,NA,NA,NA,NA,NA,NA,NA,NA,NA,NA,NA,NA,NA,NA,NA,NA,NA,NA,NA,NA,NA,NA,NA,NA,NA,NA,"","","",NA,NA,"",NA,"","",NA,NA,NA,NA,"","",NA,"","8.5745",NA,"","","13.9562",NA,NA,"","17.6588","","9.4819","","",NA,NA,"","",NA,NA,NA,"15.7346","",NA,NA,"15.5963",NA,NA,NA,"13.9367",NA,"",10.5785,13.0546,2.0989,"5.7835","8.5073","9.8856",2.957,5.5522,7.1479,"7.9948",3.8179,6.0857,7.7934,"8.3711"
"3484","603869.SH","休闲服务",NA,NA,NA,NA,NA,NA,NA,NA,NA,NA,NA,NA,NA,NA,NA,NA,NA,NA,NA,NA,NA,NA,NA,NA,NA,NA,NA,NA,NA,NA,NA,NA,NA,NA,NA,NA,NA,NA,"","","",NA,NA,"",NA,"","",NA,NA,NA,NA,"","",NA,"","",NA,"","","",NA,NA,"","","","","","",NA,NA,"","",NA,NA,NA,"17.2640","",NA,NA,"12.0763",NA,NA,NA,"11.8148",NA,"3.7194",9.6057,11.5724,0.5359,"6.0789","12.5638","11.5250",0.4998,3.622,5.7396,"7.8714",0.2545,2.4436,5.2996,"7.4704"
